Workbook
Name Slicer_Clean_Amount: #N/A
Name Slicer_Clean_Amount1: #N/A
Name Slicer_Clean_Amount2: #N/A
Name Slicer_Country: #N/A
Name Slicer_Product: #N/A
Name Slicer_Sales_Person: #N/A

Sheet Pivot 1 - Most Sales
A3: Sales Person | B3: Sum of Clean Amount
A4: Ches Bonnell | B4: 1022600
A5: Oby Sorrel | B5: 1017204.1
A6: Madelene Upcott | B6: 1010028.7
A7: Kelci Walkden | B7: 1002929.1
A8: Brien Boise | B8: 997326.48
A9: Van Tuxwell | B9: 974425.09
A10: Dennison Crosswaite | B10: 931849.57
A11: Beverie Moffet | B11: 892421.37
A12: Kaine Padly | B12: 849062.76
A13: Marney O'Breen | B13: 836427.63
A14: Barr Faughny | B14: 830826.91
A15: Roddy Speechley | B15: 808359.58
... A29: Grand Total | B29: 19791572

Sheet Pivot 2 - Highest Region
A3: Country | B3: Sum of Clean Amount
A4: Australia | B4: 3646444.3
A5: Canada | B5: 3078495.6
A6: India | B6: 3343730.8
A7: New Zealand | B7: 3043654
A8: UK | B8: 3365388.9
A9: USA | B9: 3313858.1
A10: Grand Total | B10: 19791572

Sheet Pivot 3 - Best Selling Product
A3: Product | B3: Sum of Clean Amount
A4: Smooth Sliky Salty | B4: 1120201.1
A5: 50% Dark Bites | B5: 1087659.3
A6: White Choc | B6: 1054257
A7: Peanut Butter Cubes | B7: 1036591.1
A8: Eclairs | B8: 996947.96
A9: 99% Dark & Pure | B9: 960033.45
A10: 85% Dark Bars | B10: 955268.24
A11: Organic Choco Syrup | B11: 945345.73
A12: Spicy Special Slims | B12: 938131.69
A13: Mint Chip Choco | B13: 904989.55
A14: Almond Choco | B14: 890454.65
A15: Manuka Honey Choco | B15: 885208.03
... A26: Grand Total | B26: 19791572

Sheet Pivot 4 - Performance
A3: Sales Person | B3: Sum of Clean Amount | C3: Category
A4: Ches Bonnell | B4: 1022600 | C4: Elite
A5: Oby Sorrel | B5: 1017204.1 | C5: Elite
A6: Madelene Upcott | B6: 1010028.7 | C6: Elite
A7: Kelci Walkden | B7: 1002929.1 | C7: Elite
A8: Brien Boise | B8: 997326.48 | C8: Elite
A9: Van Tuxwell | B9: 974425.09 | C9: Elite
A10: Dennison Crosswaite | B10: 931849.57 | C10: Elite
A11: Beverie Moffet | B11: 892421.37 | C11: Elite
A12: Kaine Padly | B12: 849062.76 | C12: Strong
A13: Marney O'Breen | B13: 836427.63 | C13: Strong
A14: Barr Faughny | B14: 830826.91 | C14: Strong
A15: Roddy Speechley | B15: 808359.58 | C15: Strong
... A28: Wilone O'Kielt | B28: 439961.92 | C28: Developing
A29: Grand Total | B29: 19791572

Sheet Summary
A1: Summary
A3: Overall Performance - Total revenue across all regions was £19791571.86. The dataset covers 25 salespeople across 6 countries from 2022 to 20424.
A5: Top Performers - Ches Bonnell leads with £1022599.96 in total Sales, double the revenue of the bottom performer Wilonne O'Kielt at £439961.92. This suggests a significant performance gap worth investigating.
A7: Regional Insights - Australia generates the highest total revenue at £3,646,444 howeever the UK has the highest transaction value, suggesting Australian salespeople are closing more deals but a lower values
A9: Product Performance - 'Smooth Silk Salty' is the best selling product by revenue, outperforming the lowest selling product '70% Dark Bites' by £442,854.87
A11: Recommendation - Focus training and coaching efforts on the 8 Developing Salespeople, paticularly in regions where Elite performers are already succeeding.

Sheet Summary Table
A1: Country | B1: Total Sales | C1: Average Sales | D1: Transaction Count
A2: Australia | B2: =SUMIF('Chocolate Sales - Raw Data'!B:B, "Australia", 'Chocolate Sales - Raw Data'!E:E) -> 3646444.3 | C2: =AVERAGEIF('Chocolate Sales - Raw Data'!B:B, "Australia", 'Chocolate Sales - Raw Data'!E:E) -> 5929.1778 | D2: =COUNTIF('Chocolate Sales - Raw Data'!B:B, "Australia") -> 615
A3: UK | B3: =SUMIF('Chocolate Sales - Raw Data'!B:B, "UK", 'Chocolate Sales - Raw Data'!E:E) -> 3365388.9 | C3: =AVERAGEIF('Chocolate Sales - Raw Data'!B:B, "UK", 'Chocolate Sales - Raw Data'!E:E) -> 6302.2264 | D3: =COUNTIF('Chocolate Sales - Raw Data'!B:B, "UK") -> 534
A4: USA | B4: =SUMIF('Chocolate Sales - Raw Data'!B:B, "USA", 'Chocolate Sales - Raw Data'!E:E) -> 3313858.1 | C4: =AVERAGEIF('Chocolate Sales - Raw Data'!B:B, "USA", 'Chocolate Sales - Raw Data'!E:E) -> 6171.0579 | D4: =COUNTIF('Chocolate Sales - Raw Data'!B:B, "USA") -> 537
A5: Canada | B5: =SUMIF('Chocolate Sales - Raw Data'!B:B, "Canada", 'Chocolate Sales - Raw Data'!E:E) -> 3078495.6 | C5: =AVERAGEIF('Chocolate Sales - Raw Data'!B:B, "Canada", 'Chocolate Sales - Raw Data'!E:E) -> 5863.8012 | D5: =COUNTIF('Chocolate Sales - Raw Data'!B:B, "Canada") -> 525
A6: India | B6: =SUMIF('Chocolate Sales - Raw Data'!B:B, "India", 'Chocolate Sales - Raw Data'!E:E) -> 3343730.8 | C6: =AVERAGEIF('Chocolate Sales - Raw Data'!B:B, "India", 'Chocolate Sales - Raw Data'!E:E) -> 6057.4834 | D6: =COUNTIF('Chocolate Sales - Raw Data'!B:B, "India") -> 552
A7: New Zealand | B7: =SUMIF('Chocolate Sales - Raw Data'!B:B, "New Zealand", 'Chocolate Sales - Raw Data'!E:E) -> 3043654 | C7: =AVERAGEIF('Chocolate Sales - Raw Data'!B:B, "New Zealand", 'Chocolate Sales - Raw Data'!E:E) -> 5864.4587 | D7: =COUNTIF('Chocolate Sales - Raw Data'!B:B, "New Zealand") -> 519

Sheet Chocolate Sales - Raw Data
A1: Sales Person | B1: Country | C1: Product | D1: Date | E1: Clean Amount | F1: Boxes Shipped | G1: Performance | H1: Market | I1: Look Up Test
A2: Jehu Rudeforth | B2: UK | C2: Mint Chip Choco | D2: 44565 | E2: 5320 | F2: 180 | G2: =IF(E2>800,"High",IF(E2>500,"Medium","Low")) -> High | H2: =IF(AND(B2="Australia",A2="Mallorie Waber"),"Top Local","Other") -> Other | I2: =AVERAGEIF(B1:B3282,"Australia",E1:E3283) -> 5929.1778
A3: Van Tuxwell | B3: India | C3: 85% Dark Bars | D3: 44774 | E3: 7896 | F3: 94 | G3: =IF(E3>800,"High",IF(E3>500,"Medium","Low")) -> High | H3: =IF(AND(B3="Australia",A3="Mallorie Waber"),"Top Local","Other") -> Other | I3: =AVERAGEIF(B2:B3283,"Australia",E2:E3284) -> 5929.1778
A4: Gigi Bohling | B4: India | C4: Peanut Butter Cubes | D4: 44749 | E4: 4501 | F4: 91 | G4: =IF(E4>800,"High",IF(E4>500,"Medium","Low")) -> High | H4: =IF(AND(B4="Australia",A4="Mallorie Waber"),"Top Local","Other") -> Other | I4: =AVERAGEIF(B3:B3284,"Australia",E3:E3285) -> 5929.1778
A5: Jan Morforth | B5: Australia | C5: Peanut Butter Cubes | D5: 44678 | E5: 12726 | F5: 342 | G5: =IF(E5>800,"High",IF(E5>500,"Medium","Low")) -> High | H5: =IF(AND(B5="Australia",A5="Mallorie Waber"),"Top Local","Other") -> Other | I5: =AVERAGEIF(B4:B3285,"Australia",E4:E3286) -> 5929.1778
A6: Jehu Rudeforth | B6: UK | C6: Peanut Butter Cubes | D6: 44616 | E6: 13685 | F6: 184 | G6: =IF(E6>800,"High",IF(E6>500,"Medium","Low")) -> High | H6: =IF(AND(B6="Australia",A6="Mallorie Waber"),"Top Local","Other") -> Other | I6: =AVERAGEIF(B5:B3286,"Australia",E5:E3287) -> 5929.1778
A7: Van Tuxwell | B7: India | C7: Smooth Sliky Salty | D7: 44718 | E7: 5376 | F7: 38 | G7: =IF(E7>800,"High",IF(E7>500,"Medium","Low")) -> High | H7: =IF(AND(B7="Australia",A7="Mallorie Waber"),"Top Local","Other") -> Other | I7: =AVERAGEIF(B6:B3287,"Australia",E6:E3288) -> 5918.1081
A8: Oby Sorrel | B8: UK | C8: 99% Dark & Pure | D8: 44586 | E8: 13685 | F8: 176 | G8: =IF(E8>800,"High",IF(E8>500,"Medium","Low")) -> High | H8: =IF(AND(B8="Australia",A8="Mallorie Waber"),"Top Local","Other") -> Other | I8: =AVERAGEIF(B7:B3288,"Australia",E7:E3289) -> 5918.1081
A9: Gunar Cockshoot | B9: Australia | C9: After Nines | D9: 44644 | E9: 3080 | F9: 73 | G9: =IF(E9>800,"High",IF(E9>500,"Medium","Low")) -> High | H9: =IF(AND(B9="Australia",A9="Mallorie Waber"),"Top Local","Other") -> Other | I9: =AVERAGEIF(B8:B3289,"Australia",E8:E3290) -> 5918.1081
A10: Jehu Rudeforth | B10: New Zealand | C10: 50% Dark Bites | D10: 44671 | E10: 3990 | F10: 59 | G10: =IF(E10>800,"High",IF(E10>500,"Medium","Low")) -> High | H10: =IF(AND(B10="Australia",A10="Mallorie Waber"),"Top Local","Other") -> Other | I10: =AVERAGEIF(B9:B3290,"Australia",E9:E3291) -> 5918.1081
A11: Brien Boise | B11: Australia | C11: 99% Dark & Pure | D11: 44746 | E11: 2835 | F11: 102 | G11: =IF(E11>800,"High",IF(E11>500,"Medium","Low")) -> High | H11: =IF(AND(B11="Australia",A11="Mallorie Waber"),"Top Local","Other") -> Other | I11: =AVERAGEIF(B10:B3291,"Australia",E10:E3292) -> 5922.7379
A12: Rafaelita Blaksland | B12: UK | C12: Smooth Sliky Salty | D12: 44574 | E12: 4704 | F12: 62 | G12: =IF(E12>800,"High",IF(E12>500,"Medium","Low")) -> High | H12: =IF(AND(B12="Australia",A12="Mallorie Waber"),"Top Local","Other") -> Other | I12: =AVERAGEIF(B11:B3292,"Australia",E11:E3293) -> 5922.7379
A13: Barr Faughny | B13: USA | C13: Orange Choco | D13: 44630 | E13: 3703 | F13: 11 | G13: =IF(E13>800,"High",IF(E13>500,"Medium","Low")) -> High | H13: =IF(AND(B13="Australia",A13="Mallorie Waber"),"Top Local","Other") -> Other | I13: =AVERAGEIF(B12:B3293,"Australia",E12:E3294) -> 5927.7833
... A3283: Karlen McCaffrey | B3283: India | C3283: 70% Dark Bites | D3283: 45435 | E3283: 5915.87 | F3283: 355 | G3283: =IF(E3283>800,"High",IF(E3283>500,"Medium","Low")) -> High | H3283: =IF(AND(B3283="Australia",A3283="Mallorie Waber"),"Top Local","Other") -> Other | I3283: =AVERAGEIF(B3282:B6563,"Australia",E3282:E6564) -> #DIV/0!
